Datetime,Water Level (m)
2025-04-11 18:00:00,0.034379497
2025-04-11 19:00:00,-0.6320675
2025-04-11 20:00:00,-1.0795385
2025-04-11 21:00:00,-1.3283565
2025-04-11 22:00:00,-1.3243467
2025-04-11 23:00:00,-1.0808485
2025-04-12 00:00:00,-0.37461522
2025-04-12 01:00:00,0.30287144
2025-04-12 02:00:00,0.79360807
2025-04-12 03:00:00,1.0371072
2025-04-12 04:00:00,1.0446105
2025-04-12 05:00:00,0.7213108
2025-04-12 06:00:00,0.19144598
2025-04-12 07:00:00,-0.39289355
2025-04-12 08:00:00,-0.83916736
2025-04-12 09:00:00,-1.1549511
2025-04-12 10:00:00,-1.2242126
2025-04-12 11:00:00,-1.0134201
2025-04-12 12:00:00,-0.4621214
2025-04-12 13:00:00,0.13474958
2025-04-12 14:00:00,0.7039456
2025-04-12 15:00:00,0.96234626
2025-04-12 16:00:00,0.99292094
2025-04-12 17:00:00,0.72061497
2025-04-12 18:00:00,0.17114858
2025-04-12 19:00:00,-0.47351676
2025-04-12 20:00:00,-0.9444392
2025-04-12 21:00:00,-1.3147398
2025-04-12 22:00:00,-1.4357748
2025-04-12 23:00:00,-1.2912871
2025-04-13 00:00:00,-0.7449927
2025-04-13 01:00:00,0.010370188
2025-04-13 02:00:00,0.6061159
2025-04-13 03:00:00,1.0028583
2025-04-13 04:00:00,1.087014
2025-04-13 05:00:00,0.9272637
2025-04-13 06:00:00,0.47973275
2025-04-13 07:00:00,-0.11014391
2025-04-13 08:00:00,-0.68768626
2025-04-13 09:00:00,-1.0559901
2025-04-13 10:00:00,-1.2607055
2025-04-13 11:00:00,-1.2062029
2025-04-13 12:00:00,-0.7494538
2025-04-13 13:00:00,-0.14825046
2025-04-13 14:00:00,0.45090878
2025-04-13 15:00:00,0.8641686
2025-04-13 16:00:00,0.9470237
2025-04-13 17:00:00,0.8368226
2025-04-13 18:00:00,0.4414748
2025-04-13 19:00:00,-0.17061135
2025-04-13 20:00:00,-0.74533707
2025-04-13 21:00:00,-1.1878643
2025-04-13 22:00:00,-1.4521877
2025-04-13 23:00:00,-1.4052119
2025-04-14 00:00:00,-1.0990106
2025-04-14 01:00:00,-0.33331308
2025-04-14 02:00:00,0.37608525
2025-04-14 03:00:00,0.89615935
2025-04-14 04:00:00,1.0914118
2025-04-14 05:00:00,1.0745035
2025-04-14 06:00:00,0.7474583
2025-04-14 07:00:00,0.20210531
2025-04-14 08:00:00,-0.39729315
2025-04-14 09:00:00,-0.8430748
2025-04-14 10:00:00,-1.1681116
2025-04-14 11:00:00,-1.2520158
2025-04-14 12:00:00,-1.0493901
2025-04-14 13:00:00,-0.48220548
2025-04-14 14:00:00,0.14530455
2025-04-14 15:00:00,0.665521
2025-04-14 16:00:00,0.85190713
2025-04-14 17:00:00,0.8403506
2025-04-14 18:00:00,0.5893833
2025-04-14 19:00:00,0.056790106
2025-04-14 20:00:00,-0.57568437
2025-04-14 21:00:00,-1.0270249
2025-04-14 22:00:00,-1.3803838
2025-04-14 23:00:00,-1.4506395
2025-04-15 00:00:00,-1.265699
2025-04-15 01:00:00,-0.66445863
2025-04-15 02:00:00,0.056497406
2025-04-15 03:00:00,0.6580818
2025-04-15 04:00:00,1.011568
2025-04-15 05:00:00,1.0623969
2025-04-15 06:00:00,0.89560205
2025-04-15 07:00:00,0.43189952
2025-04-15 08:00:00,-0.16447003
2025-04-15 09:00:00,-0.70640415
2025-04-15 10:00:00,-1.055631
2025-04-15 11:00:00,-1.2388242
2025-04-15 12:00:00,-1.1742966
2025-04-15 13:00:00,-0.726242
2025-04-15 14:00:00,-0.16579638
2025-04-15 15:00:00,0.3765771
2025-04-15 16:00:00,0.7410123
2025-04-15 17:00:00,0.80325055
2025-04-15 18:00:00,0.6519861
2025-04-15 19:00:00,0.22320284
2025-04-15 20:00:00,-0.34978017
2025-04-15 21:00:00,-0.80562985
2025-04-15 22:00:00,-1.202425
2025-04-15 23:00:00,-1.3846732
2025-04-16 00:00:00,-1.3081777
2025-04-16 01:00:00,-0.9749236
2025-04-16 02:00:00,-0.28004885
2025-04-16 03:00:00,0.34634426
2025-04-16 04:00:00,0.8234247
2025-04-16 05:00:00,0.99085325
2025-04-16 06:00:00,0.9765288
2025-04-16 07:00:00,0.6728626
2025-04-16 08:00:00,0.14594632
2025-04-16 09:00:00,-0.41549668
2025-04-16 10:00:00,-0.81273854
2025-04-16 11:00:00,-1.069732
2025-04-16 12:00:00,-1.1485319
2025-04-16 13:00:00,-0.9543825
2025-04-16 14:00:00,-0.4135137
2025-04-16 15:00:00,0.06542516
2025-04-16 16:00:00,0.5516295
2025-04-16 17:00:00,0.68417525
2025-04-16 18:00:00,0.6374444
2025-04-16 19:00:00,0.3860792
2025-04-16 20:00:00,-0.110154815
2025-04-16 21:00:00,-0.64300966
2025-04-16 22:00:00,-1.0193983
2025-04-16 23:00:00,-1.285345
2025-04-17 00:00:00,-1.3131572
2025-04-17 01:00:00,-1.1305879
2025-04-17 02:00:00,-0.5924718
2025-04-17 03:00:00,0.023616714
2025-04-17 04:00:00,0.5486172
2025-04-17 05:00:00,0.8566468
2025-04-17 06:00:00,0.93740827
2025-04-17 07:00:00,0.79443175
2025-04-17 08:00:00,0.38978955
2025-04-17 09:00:00,-0.11630364
2025-04-17 10:00:00,-0.5569937
2025-04-17 11:00:00,-0.80506396
2025-04-17 12:00:00,-1.0327601
2025-04-17 13:00:00,-0.9480694
2025-04-17 14:00:00,-0.5610232
2025-04-17 15:00:00,-0.19774911
2025-04-17 16:00:00,0.22215918
2025-04-17 17:00:00,0.53793055
2025-04-17 18:00:00,0.6004882
